{"cameraMode":{"drawMode":0,"name":"Shaded","section":"Shading Mode"},"sceneLighting":true,"audioPlay":false,"sceneViewState":{"showFog":true,"showMaterialUpdate":false,"showSkybox":true,"showFlares":true,"showImageEffects":true,"showParticleSystems":true},"in2DMode":false,"pivot":{"x":1052.9805908203125,"y":-3.87784743309021,"z":-150.105712890625},"rotation":{"x":0.10165859013795853,"y":0.6455827355384827,"z":-0.08729231357574463,"w":0.7518506050109863},"size":789.6420288085938,"orthographic":true}