{"cameraMode":{"drawMode":0,"name":"Shaded","section":"Shading Mode"},"sceneLighting":true,"audioPlay":false,"sceneViewState":{"showFog":true,"showMaterialUpdate":false,"showSkybox":true,"showFlares":true,"showImageEffects":true,"showParticleSystems":true},"in2DMode":false,"pivot":{"x":1103.0521240234375,"y":-376.7344055175781,"z":196.983154296875},"rotation":{"x":0.19155243039131165,"y":0.42108961939811709,"z":-0.09146960079669953,"w":0.8818316459655762},"size":1541.9183349609375,"orthographic":false}