{"cameraMode":{"drawMode":0,"name":"Shaded","section":"Shading Mode"},"sceneLighting":true,"audioPlay":false,"sceneViewState":{"showFog":true,"showMaterialUpdate":false,"showSkybox":true,"showFlares":true,"showImageEffects":true,"showParticleSystems":true},"in2DMode":false,"pivot":{"x":206.70901489257813,"y":0.44626593589782717,"z":-265.18853759765627},"rotation":{"x":-0.0839562937617302,"y":-0.4432533085346222,"z":0.04174365848302841,"w":-0.891493022441864},"size":386.5441589355469,"orthographic":true}