{"cameraMode":{"drawMode":0,"name":"Shaded","section":"Shading Mode"},"sceneLighting":true,"audioPlay":false,"sceneViewState":{"showFog":true,"showMaterialUpdate":false,"showSkybox":true,"showFlares":true,"showImageEffects":true,"showParticleSystems":true},"in2DMode":false,"pivot":{"x":-18.1104736328125,"y":884.7323608398438,"z":2.328125},"rotation":{"x":0.7226781845092773,"y":-0.014510028064250946,"z":0.015178496018052102,"w":0.6908676624298096},"size":462.26715087890627,"orthographic":true}